20200001.jpg|0|김치볶음밥
20200002.jpg|0|된장찌개
20200003.jpg|0|떡볶이
20200004.png|0|만두
20200005.png|0|만두
20200006.jpg|0|물밀면
20200007.jpg|0|미역국
20200008.jpg|0|순두부찌개
20200009.jpg|0|쌀밥
20200010.jpg|0|연어회
20200010.jpg|1|레몬조각
20200011.jpg|0|오뎅
20200012.jpg|0|우동
20200013.jpg|0|회
20200014.jpg|0|감바스
20200014.jpg|1|바게트
20200015.jpg|0|육회비빔밥
20200015.jpg|1|육회
20200016.jpg|0|찜닭
20200017.jpg|0|떡볶이
20200018.jpg|0|떡볶이
20200019.jpg|0|된장찌개
20200020.jpg|0|치킨
20200021.jpg|0|김밥
20200022.jpg|0|복숭아
20200023.jpg|0|새우
20200024.jpg|0|마라탕
20200025.jpg|0|연어회
20200025.jpg|1|레몬조각
20200026.jpg|0|마카롱
20200027.jpg|0|밀푀유
20200028.jpg|0|오리고기
20200029.jpg|0|메밀국수
20200030.jpg|0|빙수
20200031.jpg|0|초밥
20200032.jpg|0|닭발
20200033.jpg|0|컵케이크
20200034.jpg|0|수육
20200034.jpg|1|김치
20200035.jpg|0|피자
20200036.jpg|0|와플
20200037.jpg|0|볶음밥
20200038.jpg|0|정구지전
20200038.jpg|1|초장
20200039.jpg|0|파스타
20200040.jpg|0|마라탕
20200041.jpg|0|김밥
20200042.jpg|0|감자튀김
20200914_0001.jpg|0|잡채
20200914_0002.jpg|0|미역국
20200914_0003.jpg|0|불고기
20200914_0004.jpg|0|돼지국밥
20200914_0005.jpg|0|찜닭
20200914_0006.jpg|0|미역국
20200914_0007.jpg|0|떡국
20200914_0008.jpg|0|찜닭
20200914_0009.jpg|0|물냉면
20200914_00010.jpg|0|돈가스
20200914_00010.jpg|1|샐러드
20200914_00011.jpg|0|잡채
20200914_00012.jpg|0|불고기
20200914_00013.jpg|0|탕국
20200914_00014.jpg|0|계란찜
20200914_00015.jpg|0|돼지국밥
20200914_00016.jpg|0|돈가스
20200914_00017.jpg|0|탕국
20200914_00018.jpg|0|떡국
20200914_00019.jpg|0|계란찜
20200914_00020.jpg|0|냉면
20200914_00021.jpg|0|돼지국밥
